Least of These Carolinas,,,,,,,,,,,,,,,,,,,,,,,,,,,,,,,,,,,,,,,,,,,,,,,,,,,,,,,,,,,,,,,,,,,,,,,,,,,,,,,,,,,,
Budget vs. Actuals,,,,,,,,,,,,,,,,,,,,,,,,,,,,,,,,,,,,,,,,,,,,,,,,,,,,,,,,,,,,,,,,,,,,,,,,,,,,,,,,,,,,
All dates; Accounting Method: Cash; Budget: Budget_FY25_P&L; Display columns by: ; Show rows: Active; Show columns: Active,,,,,,,,,,,,,,,,,,,,,,,,,,,,,,,,,,,,,,,,,,,,,,,,,,,,,,,,,,,,,,,,,,,,,,,,,,,,,,,,,,,,
 ,Administrative Actual,Administrative Budget,Administrative Over Budget,Administrative % of Budget,Childrens Programs &lt; Actual,Childrens Programs &lt; Budget,Childrens Programs &lt; Over Budget,Childrens Programs &lt; % of Budget,Bags of Hope Actual,Bags of Hope Budget,Bags of Hope Over Budget,Bags of Hope % of Budget,Beds of Hope Actual,Beds of Hope Budget,Beds of Hope Over Budget,Beds of Hope % of Budget,Birthdays Actual,Birthdays Budget,Birthdays Over Budget,Birthdays % of Budget,Bridge Camp Actual,Bridge Camp Budget,Bridge Camp Over Budget,Bridge Camp % of Budget,Christmas Actual,Christmas Budget,Christmas Over Budget,Christmas % of Budget,General Requests Actual,General Requests Budget,General Requests Over Budget,General Requests % of Budget,Hummingbird House Actual,Hummingbird House Budget,Hummingbird House Over Budget,Hummingbird House % of Budget,Just Like You Actual,Just Like You Budget,Just Like You Over Budget,Just Like You % of Budget,Life Boxes Actual,Life Boxes Budget,Life Boxes Over Budget,Life Boxes % of Budget,Shoes of Hope Actual,Shoes of Hope Budget,Shoes of Hope Over Budget,Shoes of Hope % of Budget,Tutoring Actual,Tutoring Budget,Tutoring Over Budget,Tutoring % of Budget,Total Childrens Programs &lt; Actual,Total Childrens Programs &lt; Budget,Total Childrens Programs &lt; Over Budget,Total Childrens Programs &lt; % of Budget,Fundraising &lt; Actual,Fundraising &lt; Budget,Fundraising &lt; Over Budget,Fundraising &lt; % of Budget,Golf Tournament Actual,Golf Tournament Budget,Golf Tournament Over Budget,Golf Tournament % of Budget,Vision Night Actual,Vision Night Budget,Vision Night Over Budget,Vision Night % of Budget,Total Fundraising &lt; Actual,Total Fundraising &lt; Budget,Total Fundraising &lt; Over Budget,Total Fundraising &lt; % of Budget,Headquarter Building Actual,Headquarter Building Budget,Headquarter Building Over Budget,Headquarter Building % of Budget,Support Services Actual,Support Services Budget,Support Services Over Budget,Support Services % of Budget,Total Actual,Total Budget,Total Over Budget,Total % of Budget
Revenue,,,,,,,,,,,,,,,,,,,,,,,,,,,,,,,,,,,,,,,,,,,,,,,,,,,,,,,,,,,,,,,,,,,,,,,,,,,,,,,,,,,,
405 Non Cash (In Kind) Donations,,,,,,,,,,,,,,,,,,,,,,,,,,,,,,,,,,,,,,,,,,,,,,,,,,,,,,,,,,,,,,,,,,,,,,,,,,,,,,,,,0.00,0.00,0.00,0.00%
40510 In Kind Donations - Goods,18734.99,,18734.99,,,,,,94127.21,92000.00,2127.21,102.31 %,2860.00,,2860.00,,,20000.00,-20000.00,,2560.65,3000.00,-439.35,85.36 %,5275.26,13450.00,-8174.74,39.22 %,,,,,,,,,,,,,,,,,27875.25,36000.00,-8124.75,77.43 %,,,,,132698.37,164450.00,-31751.63,80.69 %,,,,,,,,,2637.74,4000.00,-1362.26,65.94 %,2637.74,4000.00,-1362.26,65.94 %,28519.35,,28519.35,,,,,,182590.45,168450.00,14140.45,108.39 %
40511 In Kind Donations - Services,275.00,,275.00,,,,,,,,,,,,,,,,,,,,,,,,,,,,,,,,,,,,,,,,,,,,,,,,,,,,,,,,,,,,,,,,,,,,,,,,,,,,,,275.00,0.00,275.00,0.00%
Total 405 Non Cash (In Kind) Donations,19009.99,0.00,19009.99,0.00,0.00,0.00,0.00,0.00,94127.21,92000.00,2127.21,102.31 %,2860.00,0.00,2860.00,0.00,0.00,20000.00,-20000.00,0.00,2560.65,3000.00,-439.35,85.36 %,5275.26,13450.00,-8174.74,39.22 %,0.00,0.00,0.00,0.00,0.00,0.00,0.00,0.00,0.00,0.00,0.00,0.00,0.00,0.00,0.00,0.00,27875.25,36000.00,-8124.75,77.43 %,0.00,0.00,0.00,0.00,132698.37,164450.00,-31751.63,80.69 %,0.00,0.00,0.00,0.00,0.00,0.00,0.00,0.00,2637.74,4000.00,-1362.26,65.94 %,2637.74,4000.00,-1362.26,65.94 %,28519.35,0.00,28519.35,0.00,0.00,0.00,0.00,0.00,182865.45,168450.00,14415.45,108.56 %
410 Contributions,,,,,,,,,,,,,,,,,,,,,,,,,,,,,,,,,,,,,,,,,,,,,,,,,,,,,,,,,,,,,,,,,,,,,,,,,,,,,,,,,0.00,0.00,0.00,0.00%
411 Unrestricted Contributions,,,,,,,,,,,,,,,,,,,,,,,,,,,,,,,,,,,,,,,,,,,,,,,,,,,,,,,,,,,,,,,,,,,,,,,,,,,,,,,,,0.00,0.00,0.00,0.00%
41000 Unrestricted General Contributions,810203.55,25181.91,785021.64,"3,217.40 %",,,,,,299147.00,-299147.00,,,22990.51,-22990.51,,,2789.03,-2789.03,,,83179.96,-83179.96,,,99922.48,-99922.48,,,21490.51,-21490.51,,,,,,,15872.91,-15872.91,,,23490.51,-23490.51,,,101517.26,-101517.26,,,16646.18,-16646.18,,,687046.35,-687046.35,,,,,,,,,,,10930.00,-10930.00,,,10930.00,-10930.00,,,,,,,137966.29,-137966.29,,810203.55,861124.55,-50921.00,94.09 %
Allocations - Zero out Programs,-540881.00,,-540881.00,,,,,,73850.91,,73850.91,,33035.15,,33035.15,,14005.78,,14005.78,,67820.47,,67820.47,,77354.34,,77354.34,,13195.15,,13195.15,,599.47,,599.47,,31317.75,,31317.75,,19933.69,,19933.69,,75443.17,,75443.17,,25629.65,,25629.65,,432185.53,,432185.53,,,,,,,,,,,,,,,,,,,,,,108695.47,,108695.47,,0.00,0.00,0.00,0.00%
Total 411 Unrestricted Contributions,269322.55,25181.91,244140.64,"1,069.51 %",0.00,0.00,0.00,0.00,73850.91,299147.00,-225296.09,24.69 %,33035.15,22990.51,10044.64,143.69 %,14005.78,2789.03,11216.75,502.17 %,67820.47,83179.96,-15359.49,81.53 %,77354.34,99922.48,-22568.14,77.41 %,13195.15,21490.51,-8295.36,61.40 %,599.47,0.00,599.47,0.00,31317.75,15872.91,15444.84,197.30 %,19933.69,23490.51,-3556.82,84.86 %,75443.17,101517.26,-26074.09,74.32 %,25629.65,16646.18,8983.47,153.97 %,432185.53,687046.35,-254860.82,62.90 %,0.00,0.00,0.00,0.00,0.00,0.00,0.00,0.00,0.00,10930.00,-10930.00,0.00,0.00,10930.00,-10930.00,0.00,0.00,0.00,0.00,0.00,108695.47,137966.29,-29270.82,78.78 %,810203.55,861124.55,-50921.00,94.09 %
415 Restricted Contributions,,,,,,,,,,,,,,,,,,,,,,,,,,,,,,,,,,,,,,,,,,,,,,,,,,,,,,,,,,,,,,,,,,,,,,,,,,,,,,,,,0.00,0.00,0.00,0.00%
41501 Operational (Conerstone) Fund,36000.00,,36000.00,,,,,,,,,,,,,,,,,,,0.00,0.00,,,,,,,,,,,,,,,,,,,,,,,,,,,,,,,0.00,0.00,,,,,,,,,,,,,,,,,,,,,,,,,,36000.00,0.00,36000.00,0.00%
41503 Headquarter Building Contributions,,,,,,,,,,,,,,,,,,,,,,,,,,,,,,,,,,,,,,,,,,,,,,,,,,,,,,,,,,,,,,,,,,,,,,,,,161854.02,464600.00,-302745.98,34.84 %,,,,,161854.02,464600.00,-302745.98,34.84 %
41510 Bags Of Hope Contributions,,,,,,,,,79105.83,24000.00,55105.83,329.61 %,,,,,,,,,,,,,627.00,,627.00,,,,,,,,,,,,,,,,,,,,,,,,,,79732.83,24000.00,55732.83,332.22 %,,,,,,,,,,,,,,,,,,,,,,,,,79732.83,24000.00,55732.83,332.22 %
41513 Birthday Contributions,,,,,,,,,,,,,,,,,2225.00,10000.00,-7775.00,22.25 %,,,,,,,,,,,,,,,,,,,,,,,,,,,,,,,,,2225.00,10000.00,-7775.00,22.25 %,,,,,,,,,,,,,,,,,,,,,,,,,2225.00,10000.00,-7775.00,22.25 %
41515 Bridge Camp Contributions,,,,,,,,,,,,,,,,,,,,,18440.00,28750.00,-10310.00,64.14 %,,,,,,,,,,,,,,,,,,,,,,,,,,,,,18440.00,28750.00,-10310.00,64.14 %,,,,,,,,,,,,,,,,,,,,,,,,,18440.00,28750.00,-10310.00,64.14 %
41516 Bridgecamp Registration Fees,,,,,,,,,,,,,,,,,,,,,3750.00,,3750.00,,,,,,,,,,,,,,,,,,,,,,,,,,,,,,3750.00,,3750.00,,,,,,,,,,,,,,,,,,,,,,,,,,3750.00,0.00,3750.00,0.00%
41520 Christmas Contributions,,,,,,,,,,,,,,,,,,,,,,,,,25812.50,15000.00,10812.50,172.08 %,,,,,,,,,,,,,,,,,,,,,,,,,25812.50,15000.00,10812.50,172.08 %,,,,,,,,,,,,,,,,,,,,,,,,,25812.50,15000.00,10812.50,172.08 %
41521 Elves do the Shopping,,,,,,,,,,,,,,,,,,,,,,,,,6600.00,,6600.00,,,,,,,,,,,,,,,,,,,,,,,,,,6600.00,,6600.00,,,,,,,,,,,,,,,,,,,,,,,,,,6600.00,0.00,6600.00,0.00%
41530 Just Like You Contributions,,,,,,,,,,,,,,,,,,,,,,0.00,0.00,,,,,,,,,,,,,,3535.00,10000.00,-6465.00,35.35 %,,,,,,,,,,,,,3535.00,10000.00,-6465.00,35.35 %,,,,,,,,,,,,,,,,,,,,,,,,,3535.00,10000.00,-6465.00,35.35 %
41540 Life Box Contributions,,,,,,,,,,,,,,,,,,,,,,,,,,,,,,,,,,,,,,,,,3885.50,2000.00,1885.50,194.28 %,,,,,,,,,3885.50,2000.00,1885.50,194.28 %,,,,,,,,,,,,,,,,,,,,,,,,,3885.50,2000.00,1885.50,194.28 %
41545 Shoes of Hope Contributions,,,,,,,,,,,,,,,,,,,,,,,,,,,,,,,,,,,,,,,,,,,,,17810.00,7500.00,10310.00,237.47 %,,,,,17810.00,7500.00,10310.00,237.47 %,,,,,,,,,,,,,,,,,,,,,,,,,17810.00,7500.00,10310.00,237.47 %
41568 Expansion Fund,500.00,,500.00,,,,,,,,,,,,,,,,,,,,,,,,,,,,,,,,,,,,,,,,,,,,,,,,,,,,,,,,,,,,,,,,,,,,,,,,,,,,,,500.00,0.00,500.00,0.00%
Total 415 Restricted Contributions,36500.00,0.00,36500.00,0.00,0.00,0.00,0.00,0.00,79105.83,24000.00,55105.83,329.61 %,0.00,0.00,0.00,0.00,2225.00,10000.00,-7775.00,22.25 %,22190.00,28750.00,-6560.00,77.18 %,33039.50,15000.00,18039.50,220.26 %,0.00,0.00,0.00,0.00,0.00,0.00,0.00,0.00,3535.00,10000.00,-6465.00,35.35 %,3885.50,2000.00,1885.50,194.28 %,17810.00,7500.00,10310.00,237.47 %,0.00,0.00,0.00,0.00,161790.83,97250.00,64540.83,166.37 %,0.00,0.00,0.00,0.00,0.00,0.00,0.00,0.00,0.00,0.00,0.00,0.00,0.00,0.00,0.00,0.00,161854.02,464600.00,-302745.98,34.84 %,0.00,0.00,0.00,0.00,360144.85,561850.00,-201705.15,64.10 %
Total 410 Contributions,305822.55,25181.91,280640.64,"1,214.45 %",0.00,0.00,0.00,0.00,152956.74,323147.00,-170190.26,47.33 %,33035.15,22990.51,10044.64,143.69 %,16230.78,12789.03,3441.75,126.91 %,90010.47,111929.96,-21919.49,80.42 %,110393.84,114922.48,-4528.64,96.06 %,13195.15,21490.51,-8295.36,61.40 %,599.47,0.00,599.47,0.00,34852.75,25872.91,8979.84,134.71 %,23819.19,25490.51,-1671.32,93.44 %,93253.17,109017.26,-15764.09,85.54 %,25629.65,16646.18,8983.47,153.97 %,593976.36,784296.35,-190319.99,75.73 %,0.00,0.00,0.00,0.00,0.00,0.00,0.00,0.00,0.00,10930.00,-10930.00,0.00,0.00,10930.00,-10930.00,0.00,161854.02,464600.00,-302745.98,34.84 %,108695.47,137966.29,-29270.82,78.78 %,1170348.40,1422974.55,-252626.15,82.25 %
420 Fundraiser Income,,,,,,,,,,,,,,,,,,,,,,,,,,,,,,,,,,,,,,,,,,,,,,,,,,,,,,,,,,,,,,,,,,,,,,,,,,,,,,,,,0.00,0.00,0.00,0.00%
42015 Golf Tournament,,,,,,,,,,,,,,,,,,,,,,,,,,,,,,,,,,,,,,,,,,,,,,,,,,,,,,,,,,,,,42156.24,,42156.24,,,,,,42156.24,,42156.24,,,,,,,,,,42156.24,0.00,42156.24,0.00%
42026 Stand Up Wheel Chair,0.00,,0.00,,,,,,,,,,,,,,,,,,,,,,,,,,,,,,,,,,,,,,,,,,,,,,,,,,,,,,,,,,,,,,,,,,,,,,,,,,,,,,0.00,0.00,0.00,0.00%
42060 Vision Night,,,,,,,,,,,,,,,,,,,,,,,,,,,,,,,,,,,,,,,,,,,,,,,,,,,,,,,,,,,,,,,,,64505.00,75000.00,-10495.00,86.01 %,64505.00,75000.00,-10495.00,86.01 %,,,,,,,,,64505.00,75000.00,-10495.00,86.01 %
Other Fundraising,,50000.00,-50000.00,,,,,,,,,,,,,,,,,,,,,,,,,,,,,,,,,,,,,,,,,,,,,,,,,,,,,,,,,,,,,,,,,,,,,,,,,,,,,,0.00,50000.00,-50000.00,0.00%
Total 420 Fundraiser Income,0.00,50000.00,-50000.00,0.00 %,0.00,0.00,0.00,0.00,0.00,0.00,0.00,0.00,0.00,0.00,0.00,0.00,0.00,0.00,0.00,0.00,0.00,0.00,0.00,0.00,0.00,0.00,0.00,0.00,0.00,0.00,0.00,0.00,0.00,0.00,0.00,0.00,0.00,0.00,0.00,0.00,0.00,0.00,0.00,0.00,0.00,0.00,0.00,0.00,0.00,0.00,0.00,0.00,0.00,0.00,0.00,0.00,0.00,0.00,0.00,0.00,42156.24,0.00,42156.24,0.00,64505.00,75000.00,-10495.00,86.01 %,106661.24,75000.00,31661.24,142.21 %,0.00,0.00,0.00,0.00,0.00,0.00,0.00,0.00,106661.24,125000.00,-18338.76,85.33 %
430 Grants,,,,,,,,,,,,,,,,,,,,,,,,,,,,,,,,,,,,,,,,,,,,,,,,,,,,,,,,,,,,,,,,,,,,,,,,,,,,,,,,,0.00,0.00,0.00,0.00%
430015 Life Box Grant,,,,,,,,,,,,,,,,,,,,,,,,,,,,,,,,,,,,,,,,,,5000.00,-5000.00,,,,,,,,,,,5000.00,-5000.00,,,,,,,,,,,,,,,,,,,,,,,,,,0.00,5000.00,-5000.00,0.00%
430060 Beds of Hope Grant,,,,,,,,,,,,,,10000.00,-10000.00,,,,,,,,,,,,,,,,,,,,,,,,,,,,,,,,,,,,,,,10000.00,-10000.00,,,,,,,,,,,,,,,,,,,,,,,,,,0.00,10000.00,-10000.00,0.00%
43010 Unrestricted Grants,,100000.00,-100000.00,,,,,,,,,,,,,,,,,,,,,,,,,,,,,,,,,,,,,,,,,,,,,,,,,,,,,,,,,,,,,,,,,,,,,,,,,,,,,,0.00,100000.00,-100000.00,0.00%
43050 Bags of Hope Grant,,,,,,,,,50900.00,75000.00,-24100.00,67.87 %,,,,,,,,,,,,,,,,,,,,,,,,,,,,,,,,,,,,,,,,,50900.00,75000.00,-24100.00,67.87 %,,,,,,,,,,,,,,,,,,,,,,,,,50900.00,75000.00,-24100.00,67.87 %
43060 Bridgecamp Grant,,,,,,,,,,,,,,,,,,,,,75000.00,100000.00,-25000.00,75.00 %,,,,,,,,,,,,,,,,,,,,,,,,,,,,,75000.00,100000.00,-25000.00,75.00 %,,,,,,,,,,,,,,,,,,,,,,,,,75000.00,100000.00,-25000.00,75.00 %
43065 Headquarter Building Grant,,,,,,,,,,,,,,,,,,,,,,,,,,,,,,,,,,,,,,,,,,,,,,,,,,,,,,,,,,,,,,,,,,,,,,,,,425000.00,939000.00,-514000.00,45.26 %,,,,,425000.00,939000.00,-514000.00,45.26 %
43067 Christmas Grant,,,,,,,,,,,,,,,,,,,,,,,,,4000.00,15000.00,-11000.00,26.67 %,,,,,,,,,,,,,,,,,,,,,,,,,4000.00,15000.00,-11000.00,26.67 %,,,,,,,,,,,,,,,,,,,,,,,,,4000.00,15000.00,-11000.00,26.67 %
43070 Just Like You,,,,,,,,,,,,,,,,,,,,,,,,,,,,,,,,,,,,,,10000.00,-10000.00,,,,,,,,,,,,,,,10000.00,-10000.00,,,,,,,,,,,,,,,,,,,,,,,,,,0.00,10000.00,-10000.00,0.00%
43072 Leadership Development Grant,10000.00,,10000.00,,,,,,,,,,,,,,,,,,,,,,,,,,,,,,,,,,,,,,,,,,,,,,,,,,,,,,,,,,,,,,,,,,,,,,,,,,,,,,10000.00,0.00,10000.00,0.00%
43080 Tutoring Grant,,,,,,,,,,,,,,,,,,,,,,,,,,,,,,,,,,,,,,,,,,,,,,,,,,15000.00,-15000.00,,,15000.00,-15000.00,,,,,,,,,,,,,,,,,,,,,,,,,,0.00,15000.00,-15000.00,0.00%
Total 430 Grants,10000.00,100000.00,-90000.00,10.00 %,0.00,0.00,0.00,0.00,50900.00,75000.00,-24100.00,67.87 %,0.00,10000.00,-10000.00,0.00,0.00,0.00,0.00,0.00,75000.00,100000.00,-25000.00,75.00 %,4000.00,15000.00,-11000.00,26.67 %,0.00,0.00,0.00,0.00,0.00,0.00,0.00,0.00,0.00,10000.00,-10000.00,0.00,0.00,5000.00,-5000.00,0.00,0.00,0.00,0.00,0.00,0.00,15000.00,-15000.00,0.00,129900.00,230000.00,-100100.00,56.48 %,0.00,0.00,0.00,0.00,0.00,0.00,0.00,0.00,0.00,0.00,0.00,0.00,0.00,0.00,0.00,0.00,425000.00,939000.00,-514000.00,45.26 %,0.00,0.00,0.00,0.00,564900.00,1269000.00,-704100.00,44.52 %
490 Other Income,746.10,,746.10,,,,,,,,,,,,,,,,,,,,,,,,,,,,,,,,,,,,,,,,,,,,,,,,,,,,,,,,,,,,,,,,,,,,,,,,,,,,,,746.10,0.00,746.10,0.00%
49000 Interest Income,5266.89,,5266.89,,,,,,,,,,,,,,,,,,,,,,,,,,,,,,,,,,,,,,,,,,,,,,,,,,,,,,,,,,,,,,,,,,,,,,,,,,,,,,5266.89,0.00,5266.89,0.00%
49010 Hurricane Helene,0.00,,0.00,,,,,,,,,,,,,,,,,,,,,,,,,,,,,,,,,,,,,,,,,,,,,,,,,,,,,,,,,,,,,,,,,,,,,,,,,,,,,,0.00,0.00,0.00,0.00%
49015 Merchandise Sales,636.24,2500.00,-1863.76,25.45 %,,,,,,,,,,,,,,,,,,,,,,,,,,,,,,,,,,,,,,,,,,,,,,,,,,,,,,,,,,,,,,,,,,,,,,,,,,,,,636.24,2500.00,-1863.76,25.45 %
49020 Miscellaneous Income,,3000.00,-3000.00,,,,,,,,,,,,,,,,,,,,,,,,,,,,,,,,,,,,,,,,,,,,,,,,,,,,,,,,,,,,,,,,,,,,,,,,,,,,,,0.00,3000.00,-3000.00,0.00%
49025 Unrealized Gain/Loss,-2142.83,,-2142.83,,,,,,,,,,,,,,,,,,,,,,,,,,,,,,,,,,,,,,,,,,,,,,,,,,,,,,,,,,,,,,,,,,,,,,,,,,,,,,-2142.83,0.00,-2142.83,0.00%
49080 Symposium,120.00,,120.00,,,,,,,,,,,,,,,,,,,,,,,,,,,,,,,,,,,,,,,,,,,,,,,,,,,,,,,,,,,,,,,,,,,,,,,,,,140.00,,140.00,,260.00,0.00,260.00,0.00%
Total 490 Other Income,4626.40,5500.00,-873.60,84.12 %,0.00,0.00,0.00,0.00,0.00,0.00,0.00,0.00,0.00,0.00,0.00,0.00,0.00,0.00,0.00,0.00,0.00,0.00,0.00,0.00,0.00,0.00,0.00,0.00,0.00,0.00,0.00,0.00,0.00,0.00,0.00,0.00,0.00,0.00,0.00,0.00,0.00,0.00,0.00,0.00,0.00,0.00,0.00,0.00,0.00,0.00,0.00,0.00,0.00,0.00,0.00,0.00,0.00,0.00,0.00,0.00,0.00,0.00,0.00,0.00,0.00,0.00,0.00,0.00,0.00,0.00,0.00,0.00,0.00,0.00,0.00,0.00,140.00,0.00,140.00,0.00,4766.40,5500.00,-733.60,86.66 %
Unapplied Cash Payment Income,-124.21,,-124.21,,,,,,,,,,,,,,,,,,,,,,,,,,,,,,,,,,,,,,,,,,,,,,,,,,,,,,,,,,,,,,,,,,,,,,,,,,,,,,-124.21,0.00,-124.21,0.00%
Total Revenue,339334.73,180681.91,158652.82,187.81 %,0.00,0.00,0.00,0.00%,297983.95,490147.00,-192163.05,60.79 %,35895.15,32990.51,2904.64,108.80 %,16230.78,32789.03,-16558.25,49.50 %,167571.12,214929.96,-47358.84,77.97 %,119669.10,143372.48,-23703.38,83.47 %,13195.15,21490.51,-8295.36,61.40 %,599.47,0.00,599.47,0.00%,34852.75,35872.91,-1020.16,97.16 %,23819.19,30490.51,-6671.32,78.12 %,121128.42,145017.26,-23888.84,83.53 %,25629.65,31646.18,-6016.53,80.99 %,856574.73,1178746.35,-322171.62,72.67 %,0.00,0.00,0.00,0.00%,42156.24,0.00,42156.24,0.00%,67142.74,89930.00,-22787.26,74.66 %,109298.98,89930.00,19368.98,121.54 %,615373.37,1403600.00,-788226.63,43.84 %,108835.47,137966.29,-29130.82,78.89 %,2029417.28,2990924.55,-961507.27,67.85 %
Cost of Goods Sold,,,,,,,,,,,,,,,,,,,,,,,,,,,,,,,,,,,,,,,,,,,,,,,,,,,,,,,,,,,,,,,,,,,,,,,,,,,,,,,,,,,,
500 Cost of Sales,,,,,,,,,,,,,,,,,,,,,,,,,,,,,,,,,,,,,,,,,,,,,,,,,,,,,,,,,,,,,,,,,,,,,,,,,,,,,,,,,0.00,0.00,0.00,0.00%
50000 Merchandise Expenses,,3000.00,-3000.00,,,,,,,,,,,,,,,,,,,,,,,,,,,,,,,,,,,,,,,,,,,,,,,,,,,,,,,,,,,,,,,,,,,,,,,,,,,,,,0.00,3000.00,-3000.00,0.00%
Total 500 Cost of Sales,0.00,3000.00,-3000.00,0.00,0.00,0.00,0.00,0.00,0.00,0.00,0.00,0.00,0.00,0.00,0.00,0.00,0.00,0.00,0.00,0.00,0.00,0.00,0.00,0.00,0.00,0.00,0.00,0.00,0.00,0.00,0.00,0.00,0.00,0.00,0.00,0.00,0.00,0.00,0.00,0.00,0.00,0.00,0.00,0.00,0.00,0.00,0.00,0.00,0.00,0.00,0.00,0.00,0.00,0.00,0.00,0.00,0.00,0.00,0.00,0.00,0.00,0.00,0.00,0.00,0.00,0.00,0.00,0.00,0.00,0.00,0.00,0.00,0.00,0.00,0.00,0.00,0.00,0.00,0.00,0.00,0.00,3000.00,-3000.00,0.00%
Total Cost of Goods Sold,0.00,3000.00,-3000.00,0.00%,0.00,0.00,0.00,0.00%,0.00,0.00,0.00,0.00%,0.00,0.00,0.00,0.00%,0.00,0.00,0.00,0.00%,0.00,0.00,0.00,0.00%,0.00,0.00,0.00,0.00%,0.00,0.00,0.00,0.00%,0.00,0.00,0.00,0.00%,0.00,0.00,0.00,0.00%,0.00,0.00,0.00,0.00%,0.00,0.00,0.00,0.00%,0.00,0.00,0.00,0.00%,0.00,0.00,0.00,0.00%,0.00,0.00,0.00,0.00%,0.00,0.00,0.00,0.00%,0.00,0.00,0.00,0.00%,0.00,0.00,0.00,0.00%,0.00,0.00,0.00,0.00%,0.00,0.00,0.00,0.00%,0.00,3000.00,-3000.00,0.00%
Gross Profit,339334.73,177681.91,161652.82,190.98 %,0.00,0.00,0.00,0.00%,297983.95,490147.00,-192163.05,60.79 %,35895.15,32990.51,2904.64,108.80 %,16230.78,32789.03,-16558.25,49.50 %,167571.12,214929.96,-47358.84,77.97 %,119669.10,143372.48,-23703.38,83.47 %,13195.15,21490.51,-8295.36,61.40 %,599.47,0.00,599.47,0.00%,34852.75,35872.91,-1020.16,97.16 %,23819.19,30490.51,-6671.32,78.12 %,121128.42,145017.26,-23888.84,83.53 %,25629.65,31646.18,-6016.53,80.99 %,856574.73,1178746.35,-322171.62,72.67 %,0.00,0.00,0.00,0.00%,42156.24,0.00,42156.24,0.00%,67142.74,89930.00,-22787.26,74.66 %,109298.98,89930.00,19368.98,121.54 %,615373.37,1403600.00,-788226.63,43.84 %,108835.47,137966.29,-29130.82,78.89 %,2029417.28,2987924.55,-958507.27,67.92 %
Expenditures,,,,,,,,,,,,,,,,,,,,,,,,,,,,,,,,,,,,,,,,,,,,,,,,,,,,,,,,,,,,,,,,,,,,,,,,,,,,,,,,,,,,
600 Personnel Expenses,,,,,,,,,,,,,,,,,,,,,,,,,,,,,,,,,,,,,,,,,,,,,,,,,,,,,,,,,,,,,,,,,,,,,,,,,,,,,,,,,0.00,0.00,0.00,0.00%
60000 Salaries & Wages,423160.51,475458.00,-52297.49,89.00 %,,,,,,,,,,,,,,,,,,,,,,,,,,,,,,,,,,,,,,,,,,,,,,,,,,,,,,,,,,,,,,,,,,,,,,,,,,,,,423160.51,475458.00,-52297.49,89.00 %
60005 Payroll Taxes,82330.67,36372.54,45958.13,226.35 %,,,,,,,,,,,,,,,,,,,,,,,,,,,,,,,,,,,,,,,,,,,,,,,,,,,,,,,,,,,,,,,,,,,,,,,,,,,,,82330.67,36372.54,45958.13,226.35 %
60015 Employee Benefits,2522.16,,2522.16,,,,,,,,,,,,,,,,,,,,,,,,,,,,,,,,,,,,,,,,,,,,,,,,,,,,,,,,,,,,,,,,,,,,,,,,,,,,,,2522.16,0.00,2522.16,0.00%
60020 Employee Reimbursements,75.15,,75.15,,,,,,,,,,,,,,,,,,,,,,,,,,,,,,,,,,,,,,,,,,,,,,,,,,,,,,,,,,,,,,,,,,,,,,,,,,,,,,75.15,0.00,75.15,0.00%
60032 Health and Wellness,6235.79,12500.00,-6264.21,49.89 %,,,,,,,,,,,,,,,,,,,,,,,,,,,,,,,,,,,,,,,,,,,,,,,,,,,,,,,,,,,,,,,,,,,,,,,,,,,,,6235.79,12500.00,-6264.21,49.89 %
60038 Team Building / Birthdays / Celebrations,2008.66,4000.00,-1991.34,50.22 %,,,,,,,,,,,,,,,,,,,,,,,,,,,,,,,,,,,,,,,,,,,,,,,,,,,,,,,,,,,,,,,,,,,,,,,,,,,,,2008.66,4000.00,-1991.34,50.22 %
60067 Staff Development,828.69,5000.00,-4171.31,16.57 %,,,,,,,,,,,,,,,,,,,,,,,,,,,,,,,,,,,,,,,,,,,,,,,,,,,,,,,,,,,,,,,,,,,,,,,,,,,,,828.69,5000.00,-4171.31,16.57 %
60068 Leadership Development,25301.39,20000.00,5301.39,126.51 %,,,,,,,,,,,,,,,,,,,,,,,,,,,,,,,,,,,,,,,,,,,,,,,,,,,,,,,,,,,,,,,,,,,,,,,,,,,,,25301.39,20000.00,5301.39,126.51 %
Total 600 Personnel Expenses,542463.02,553330.54,-10867.52,98.04 %,0.00,0.00,0.00,0.00,0.00,0.00,0.00,0.00,0.00,0.00,0.00,0.00,0.00,0.00,0.00,0.00,0.00,0.00,0.00,0.00,0.00,0.00,0.00,0.00,0.00,0.00,0.00,0.00,0.00,0.00,0.00,0.00,0.00,0.00,0.00,0.00,0.00,0.00,0.00,0.00,0.00,0.00,0.00,0.00,0.00,0.00,0.00,0.00,0.00,0.00,0.00,0.00,0.00,0.00,0.00,0.00,0.00,0.00,0.00,0.00,0.00,0.00,0.00,0.00,0.00,0.00,0.00,0.00,0.00,0.00,0.00,0.00,0.00,0.00,0.00,0.00,542463.02,553330.54,-10867.52,98.04 %
610 Professional Fees,,,,,,,,,,,,,,,,,,,,,,,,,,,,,,,,,,,,,,,,,,,,,,,,,,,,,,,,,,,,,,,,,,,,,,,,,,,,,,,,,0.00,0.00,0.00,0.00%
61000 Advertising and Promotion,,0.00,0.00,,,,,,,,,,,,,,,,,,,,,,,,,,,,,,,,,,,,,,,,,,,,,,,,,,,,,,,,,,,,,,,,,,,,,,,25000.00,-25000.00,,,,,,0.00,25000.00,-25000.00,0.00%
61001 Software,750.73,500.00,250.73,150.15 %,,,,,,,,,,,,,,,,,,,,,,,,,,,,,,,,,,,,,,,,,,,,,,,,,,,,,,,,,,,,,19.99,,19.99,,19.99,,19.99,,,,,,,,,,770.72,500.00,270.72,154.14 %
61002 Podcast,0.00,1000.00,-1000.00,0.00 %,,,,,,,,,,,,,,,,,,,,,,,,,,,,,,,,,,,,,,,,,,,,,,,,,,,,,,,,,,,,,,,,,,,,,,,,,,,,,0.00,1000.00,-1000.00,0.00 %
61003 Promotional Items,1525.00,5000.00,-3475.00,30.50 %,,,,,,,,,,,,,,,,,,,,,,,,,,,,,,,,,,,,,,,,,,,,,,,,,,,,,,,,,,,,,,,,,,,,,,,,,,,,,1525.00,5000.00,-3475.00,30.50 %
61004 Merchandise,1276.07,3500.00,-2223.93,36.46 %,,,,,,,,,,,,,,,,,,,,,,,,,,,,,,,,,,,,,,,,,,,,,,,,,,,,,,,,,,,,,,,,,,,,,,,,,,,,,1276.07,3500.00,-2223.93,36.46 %
61005 Branding / Videos,6937.50,7500.00,-562.50,92.50 %,,,,,,,,,,,,,,,,,2625.00,,2625.00,,,,,,,,,,,,,,,,,,,,,,,,,,,,,,2625.00,,2625.00,,,,,,,,,,187.20,,187.20,,187.20,,187.20,,0.00,,0.00,,,,,,9749.70,7500.00,2249.70,130.00 %
61006 Volunteer T-Shirts,38.38,500.00,-461.62,7.68 %,,,,,,,,,,,,,,,,,,,,,,,,,,,,,,,,,,,,,,,,,,,,,,,,,,,,,,,,,,,,,,,,,,,,,,,,,,,,,38.38,500.00,-461.62,7.68 %
61007 Other / General,461.37,1000.00,-538.63,46.14 %,,,,,,,,,,,,,,,,,,,,,,,,,,,,,,,,,,,,,,,,,,,,,,,,,,,,,,,,,,,,,,,,,,,,,,,,,,,,,461.37,1000.00,-538.63,46.14 %
Total 61000 Advertising and Promotion,10989.05,19000.00,-8010.95,57.84 %,0.00,0.00,0.00,0.00,0.00,0.00,0.00,0.00,0.00,0.00,0.00,0.00,0.00,0.00,0.00,0.00,2625.00,0.00,2625.00,0.00,0.00,0.00,0.00,0.00,0.00,0.00,0.00,0.00,0.00,0.00,0.00,0.00,0.00,0.00,0.00,0.00,0.00,0.00,0.00,0.00,0.00,0.00,0.00,0.00,0.00,0.00,0.00,0.00,2625.00,0.00,2625.00,0.00,0.00,0.00,0.00,0.00,0.00,0.00,0.00,0.00,207.19,0.00,207.19,0.00,207.19,0.00,207.19,0.00,0.00,25000.00,-25000.00,0.00 %,0.00,0.00,0.00,0.00,13821.24,44000.00,-30178.76,31.41 %
61010 Donation Processing Fees,4425.41,,4425.41,,,,,,,,,,,,,,,,,,,,,,,,,,,,,,,,,,,,,,,,,,,,,,,,,,,,,,,,,,,,,,,,,,,,,,,,,,,,,,4425.41,0.00,4425.41,0.00%
61015 Accounting Fees,910.00,7500.00,-6590.00,12.13 %,,,,,,,,,,,,,,,,,,,,,,,,,,,,,,,,,,,,,,,,,,,,,,,,,,,,,,,,,,,,,,,,,,,,,,,,,,,,,910.00,7500.00,-6590.00,12.13 %
61020 Legal Services,2477.36,,2477.36,,,,,,,,,,,,,,,,,,,,,,,,,,,,,,,,,,,,,,,,,,,,,,,,,,,,,,,,,,,,,,,,,,,,,,,,,,,,,,2477.36,0.00,2477.36,0.00%
61040 Background Checks,-618.50,4000.00,-4618.50,-15.46 %,,,,,,,,,,,,,,,,,1531.00,,1531.00,,2072.00,,2072.00,,,,,,,,,,,,,,,,,,,,,,,,,,3603.00,,3603.00,,,,,,,,,,,,,,,,,,,,,,,,,,2984.50,4000.00,-1015.50,74.61 %
61045 Technology Support Fees,19436.33,12000.00,7436.33,161.97 %,,,,,,,,,,,,,,,,,,,,,,,,,,,,,,,,,,,,,,,,,,,,,,,,,,,,,,,,,,,,,,,,,,,,,,,,,,,,,19436.33,12000.00,7436.33,161.97 %
61050 Contract Labor,4996.06,10000.00,-5003.94,49.96 %,,,,,,,,,,,,,,,,,,,,,,,,,,,,,,,,,,,,,,,,,,,,,,,,,,,,,,,,,,,,,,,,,,,,,,,,,,,,,4996.06,10000.00,-5003.94,49.96 %
61055 Payroll Service Fees,3482.80,2500.00,982.80,139.31 %,,,,,,,,,,,,,,,,,,,,,,,,,,,,,,,,,,,,,,,,,,,,,,,,,,,,,,,,,,,,,,,,,,,,,,,,,,,,,3482.80,2500.00,982.80,139.31 %
61080 Strategic Consulting,11700.00,25000.00,-13300.00,46.80 %,,,,,,,,,,,,,,,,,,,,,,,,,,,,,,,,,,,,,,,,,,,,,,,,,,,,,,,,,,,,,,,,,,,,,,,,,,,,,11700.00,25000.00,-13300.00,46.80 %
Total 610 Professional Fees,57798.51,80000.00,-22201.49,72.25 %,0.00,0.00,0.00,0.00,0.00,0.00,0.00,0.00,0.00,0.00,0.00,0.00,0.00,0.00,0.00,0.00,4156.00,0.00,4156.00,0.00,2072.00,0.00,2072.00,0.00,0.00,0.00,0.00,0.00,0.00,0.00,0.00,0.00,0.00,0.00,0.00,0.00,0.00,0.00,0.00,0.00,0.00,0.00,0.00,0.00,0.00,0.00,0.00,0.00,6228.00,0.00,6228.00,0.00,0.00,0.00,0.00,0.00,0.00,0.00,0.00,0.00,207.19,0.00,207.19,0.00,207.19,0.00,207.19,0.00,0.00,25000.00,-25000.00,0.00 %,0.00,0.00,0.00,0.00,64233.70,105000.00,-40766.30,61.17 %
620 Office Expenses,,,,,,,,,,,,,,,,,,,,,,,,,,,,,,,,,,,,,,,,,,,,,,,,,,,,,,,,,,,,,,,,,,,,,,,,,,,,,,,,,0.00,0.00,0.00,0.00%
62000 Office Supplies,4621.09,8000.00,-3378.91,57.76 %,,,,,,,,,,,,,,,,,,,,,,,,,,,,,,,,,,,,,,,,,,,,,,,,,,,,,,,,,,,,,,,,,,,,,0.00,,0.00,,,,,,4621.09,8000.00,-3378.91,57.76 %
62005 Postage and Delivery,902.57,2000.00,-1097.43,45.13 %,,,,,,,,,,,,,,,,,15.72,,15.72,,,,,,,,,,,,,,,,,,,,,,,,,,,,,,15.72,,15.72,,,,,,,,,,10.00,,10.00,,10.00,,10.00,,,,,,,,,,928.29,2000.00,-1071.71,46.41 %
62010 Telephone and  Internet,8244.96,12500.00,-4255.04,65.96 %,,,,,,,,,,,,,,,,,,,,,,,,,,,,,219.97,,219.97,,,,,,,,,,,,,,,,,,219.97,,219.97,,,,,,,,,,,,,,,,,,-115.00,,-115.00,,,,,,8349.93,12500.00,-4150.07,66.80 %
62020 Miscellaneous Supplies,24.95,,24.95,,,,,,,,,,,,,,,,,,,,,,,,,,,,,,,,,,,,,,,,,,,,,,,,,,,,,,,,,,,,,,,,,,,,,,,,,,,,,,24.95,0.00,24.95,0.00%
62025 Printing and Reproduction,2078.12,1200.00,878.12,173.18 %,,,,,,,,,,,,,,,,,,,,,,,,,,,,,,,,,,,,,,,,,,,,,,,,,,,,,,,,,,,,,,,,,,,,,,,,,,,,,2078.12,1200.00,878.12,173.18 %
Account Fraud,75.00,,75.00,,,,,,,,,,,,,,,,,,,,,,,,,,,,,,,,,,,,,,,,,,,,,,,,,,,,,,,,,,,,,,,,,,,,,,,,,,,,,,75.00,0.00,75.00,0.00%
Total 620 Office Expenses,15946.69,23700.00,-7753.31,67.29 %,0.00,0.00,0.00,0.00,0.00,0.00,0.00,0.00,0.00,0.00,0.00,0.00,0.00,0.00,0.00,0.00,15.72,0.00,15.72,0.00,0.00,0.00,0.00,0.00,0.00,0.00,0.00,0.00,219.97,0.00,219.97,0.00,0.00,0.00,0.00,0.00,0.00,0.00,0.00,0.00,0.00,0.00,0.00,0.00,0.00,0.00,0.00,0.00,235.69,0.00,235.69,0.00,0.00,0.00,0.00,0.00,0.00,0.00,0.00,0.00,10.00,0.00,10.00,0.00,10.00,0.00,10.00,0.00,-115.00,0.00,-115.00,0.00,0.00,0.00,0.00,0.00,16077.38,23700.00,-7622.62,67.84 %
630 Occupancy Expenses,,,,,,,,,,,,,,,,,,,,,,,,,,,,,,,,,,,,,,,,,,,,,,,,,,,,,,,,,,,,,,,,,,,,,,,,,,,,,,,,,0.00,0.00,0.00,0.00%
63000 Rent & Lease,2570.09,3000.00,-429.91,85.67 %,,,,,,,,,,,,,,,,,,,,,,,,,,,,,,,,,,,,,,,,,,,,,,,,,,,,,,,,,,,,,,,,,,,,,,,,,,,,,2570.09,3000.00,-429.91,85.67 %
63010 Utilities,13453.58,13000.00,453.58,103.49 %,,,,,,,,,,,,,,,,,,,,,500.00,,500.00,,,,,,75.00,,75.00,,,,,,,,,,,,,,,,,,575.00,,575.00,,,,,,,,,,,,,,,,,,0.00,18000.00,-18000.00,0.00 %,,,,,14028.58,31000.00,-16971.42,45.25 %
63015 Building Security,1163.18,1320.00,-156.82,88.12 %,,,,,,,,,,,,,,,,,,,,,,,,,,,,,304.50,,304.50,,,,,,,,,,,,,,,,,,304.50,,304.50,,,,,,,,,,,,,,,,,,0.00,,0.00,,,,,,1467.68,1320.00,147.68,111.19 %
63020 Landscaping Expenses,2850.00,4000.00,-1150.00,71.25 %,,,,,,,,,,,,,,,,,,,,,,,,,,,,,,,,,,,,,,,,,,,,,,,,,,,,,,,,,,,,,,,,,,,,,0.00,,0.00,,,,,,2850.00,4000.00,-1150.00,71.25 %
63025 Building Repairs and Maintenance,589.72,5000.00,-4410.28,11.79 %,,,,,,,,,,,,,,,,,,,,,,,,,,,,,,,,,,,,,,,,,,,,,,,,,,,,,,,,,,,,,,,,,,,,,,,,,,,,,589.72,5000.00,-4410.28,11.79 %
63030 Mortgage Interest,4766.67,,4766.67,,,,,,,,,,,,,,,,,,,,,,,,,,,,,,,,,,,,,,,,,,,,,,,,,,,,,,,,,,,,,,,,,,,,,,0.00,,0.00,,,,,,4766.67,0.00,4766.67,0.00%
66100 Insurance,,5100.00,-5100.00,,,,,,,,,,,,,,,,,,,,,,,,,,,,,,,,,,,,,,,,,,,,,,,,,,,,,,,,,,,,,,,,,,,,,,,,,,,,,,0.00,5100.00,-5100.00,0.00%
Total 630 Occupancy Expenses,25393.24,31420.00,-6026.76,80.82 %,0.00,0.00,0.00,0.00,0.00,0.00,0.00,0.00,0.00,0.00,0.00,0.00,0.00,0.00,0.00,0.00,0.00,0.00,0.00,0.00,500.00,0.00,500.00,0.00,0.00,0.00,0.00,0.00,379.50,0.00,379.50,0.00,0.00,0.00,0.00,0.00,0.00,0.00,0.00,0.00,0.00,0.00,0.00,0.00,0.00,0.00,0.00,0.00,879.50,0.00,879.50,0.00,0.00,0.00,0.00,0.00,0.00,0.00,0.00,0.00,0.00,0.00,0.00,0.00,0.00,0.00,0.00,0.00,0.00,18000.00,-18000.00,0.00 %,0.00,0.00,0.00,0.00,26272.74,49420.00,-23147.26,53.16 %
640 Operational Expenses,,,,,,,,,,,,,,,,,,,,,,,,,,,,,,,,,,,,,,,,,,,,,,,,,,,,,,,,,,,,,,,,,,,,,,,,,,,,,,,,,0.00,0.00,0.00,0.00%
64000 Bank Service Charges,146.38,200.00,-53.62,73.19 %,,,,,,,,,,,,,,,,,,,,,,,,,,,,,,,,,,,,,,,,,,,,,,,,,,,,,,,,,,,,,,,,,,,,,0.00,,0.00,,,,,,146.38,200.00,-53.62,73.19 %
64010 Software Subscriptions,9367.71,50000.00,-40632.29,18.74 %,,,,,,,,,,,,,,,,,,,,,,,,,,,,,,,,,,,,,,,,,,,,,,,,,,,,,,,,,,,,,19.99,,19.99,,19.99,,19.99,,,,,,,,,,9387.70,50000.00,-40612.30,18.78 %
64025 Membership Dues and Subscriptions,4843.89,6000.00,-1156.11,80.73 %,,,,,,,,,,,,,,,,,,,,,,,,,,,,,,,,,,,,,,,,,,,,,,,,,,,,,,,,,,,,,,,,,,,,,,,,,,,,,4843.89,6000.00,-1156.11,80.73 %
64030 Depreciation Expense,19867.73,25000.00,-5132.27,79.47 %,,,,,58.21,,58.21,,,,,,,,,,,,,,10.68,,10.68,,,,,,,,,,,,,,,,,,,,,,,,,,68.89,,68.89,,,,,,,,,,,,,,,,,,,,,,,,,,19936.62,25000.00,-5063.38,79.75 %
64035 Automobile Expenses,3658.06,6000.00,-2341.94,60.97 %,,,,,,,,,,,,,,,,,426.30,,426.30,,,,,,,,,,,,,,,,,,48.64,,48.64,,,,,,,,,,474.94,,474.94,,,,,,,,,,81.17,,81.17,,81.17,,81.17,,,,,,91.79,,91.79,,4305.96,6000.00,-1694.04,71.77 %
64060 Reconciliation Differences,-2.70,,-2.70,,,,,,,,,,,,,,,,,,,,,,,,,,,,,,,,,,,,,,,,,,,,,,,,,,,,,,,,,,,,,,,,,,,,,,,,,,,,,,-2.70,0.00,-2.70,0.00%
64090 Melio Service Fees,148.00,75.00,73.00,197.33 %,,,,,,,,,,,,,,,,,,,,,,,,,,,,,,,,,,,,,,,,,,,,,,,,,,,,,,,,,,,,,,,,,,,,,,,,,,,,,148.00,75.00,73.00,197.33 %
Total 640 Operational Expenses,38029.07,87275.00,-49245.93,43.57 %,0.00,0.00,0.00,0.00,58.21,0.00,58.21,0.00,0.00,0.00,0.00,0.00,0.00,0.00,0.00,0.00,426.30,0.00,426.30,0.00,10.68,0.00,10.68,0.00,0.00,0.00,0.00,0.00,0.00,0.00,0.00,0.00,0.00,0.00,0.00,0.00,48.64,0.00,48.64,0.00,0.00,0.00,0.00,0.00,0.00,0.00,0.00,0.00,543.83,0.00,543.83,0.00,0.00,0.00,0.00,0.00,0.00,0.00,0.00,0.00,101.16,0.00,101.16,0.00,101.16,0.00,101.16,0.00,0.00,0.00,0.00,0.00,91.79,0.00,91.79,0.00,38765.85,87275.00,-48509.15,44.42 %
"650 Travel, Meals and Entertainment",,,,,,,,,,,,,,,,,,,,,,,,,,,,,,,,,,,,,,,,,,,,,,,,,,,,,,,,,,,,,,,,,,,,,,,,,,,,,,,,,0.00,0.00,0.00,0.00%
65000 Transportation,238.94,3000.00,-2761.06,7.96 %,,,,,37.99,,37.99,,,,,,,,,,,,,,,,,,,,,,,,,,,,,,,,,,,,,,,,,,37.99,,37.99,,,,,,,,,,,,,,,,,,,,,,,,,,276.93,3000.00,-2723.07,9.23 %
65010 Lodging,31.95,6800.00,-6768.05,0.47 %,,,,,,,,,,,,,,,,,901.73,,901.73,,,,,,,,,,,,,,,,,,,,,,,,,,,,,,901.73,,901.73,,,,,,,,,,,,,,,,,,,,,,,,,,933.68,6800.00,-5866.32,13.73 %
65020 Meals,1624.33,4000.00,-2375.67,40.61 %,,,,,50.56,,50.56,,,,,,,,,,115.68,,115.68,,,,,,,,,,,,,,,,,,,,,,,,,,,,,,166.24,,166.24,,,,,,,,,,21.55,,21.55,,21.55,,21.55,,0.00,,0.00,,,,,,1812.12,4000.00,-2187.88,45.30 %
65025 Entertainment,,500.00,-500.00,,,,,,,,,,,,,,,,,,,,,,,,,,,,,,,,,,,,,,,,,,,,,,,,,,,,,,,,,,,,,,,,,,,,,,,,,,,,,,0.00,500.00,-500.00,0.00%
"Total 650 Travel, Meals and Entertainment",1895.22,14300.00,-12404.78,13.25 %,0.00,0.00,0.00,0.00,88.55,0.00,88.55,0.00,0.00,0.00,0.00,0.00,0.00,0.00,0.00,0.00,1017.41,0.00,1017.41,0.00,0.00,0.00,0.00,0.00,0.00,0.00,0.00,0.00,0.00,0.00,0.00,0.00,0.00,0.00,0.00,0.00,0.00,0.00,0.00,0.00,0.00,0.00,0.00,0.00,0.00,0.00,0.00,0.00,1105.96,0.00,1105.96,0.00,0.00,0.00,0.00,0.00,0.00,0.00,0.00,0.00,21.55,0.00,21.55,0.00,21.55,0.00,21.55,0.00,0.00,0.00,0.00,0.00,0.00,0.00,0.00,0.00,3022.73,14300.00,-11277.27,21.14 %
660 Insurance,10992.82,,10992.82,,,,,,,,,,,,,,,,,,,,,,,,,,,,,,,,,,,,,,,,,,,,,,,,,,,,,,,,,,,,,,,,,,,,,,,,,,,,,,10992.82,0.00,10992.82,0.00%
66000 General Liability Insurance,-856.00,6000.00,-6856.00,-14.27 %,,,,,,,,,,,,,,,,,,,,,,,,,,,,,,,,,,,,,,,,,,,,,,,,,,,,,,,,,,,,,,,,,,,,,0.00,4892.00,-4892.00,0.00 %,,,,,-856.00,10892.00,-11748.00,-7.86 %
66010 D&O Insurance,1185.00,,1185.00,,,,,,,,,,,,,,,,,,,,,,,,,,,,,,,,,,,,,,,,,,,,,,,,,,,,,,,,,,,,,,,,,,,,,,,,,,,,,,1185.00,0.00,1185.00,0.00%
66150 Workers Compensation,1083.00,2300.00,-1217.00,47.09 %,,,,,,,,,,,,,,,,,,,,,,,,,,,,,,,,,,,,,,,,,,,,,,,,,,,,,,,,,,,,,,,,,,,,,,,,,,,,,1083.00,2300.00,-1217.00,47.09 %
Total 660 Insurance,12404.82,8300.00,4104.82,149.46 %,0.00,0.00,0.00,0.00,0.00,0.00,0.00,0.00,0.00,0.00,0.00,0.00,0.00,0.00,0.00,0.00,0.00,0.00,0.00,0.00,0.00,0.00,0.00,0.00,0.00,0.00,0.00,0.00,0.00,0.00,0.00,0.00,0.00,0.00,0.00,0.00,0.00,0.00,0.00,0.00,0.00,0.00,0.00,0.00,0.00,0.00,0.00,0.00,0.00,0.00,0.00,0.00,0.00,0.00,0.00,0.00,0.00,0.00,0.00,0.00,0.00,0.00,0.00,0.00,0.00,0.00,0.00,0.00,0.00,4892.00,-4892.00,0.00 %,0.00,0.00,0.00,0.00,12404.82,13192.00,-787.18,94.03 %
670 Event / Fundraising Expenses,,,,,,,,,,,,,,,,,,,,,,,,,,,,,,,,,,,,,,,,,,,,,,,,,,,,,,,,,,,,,,,,,,,,,,,,,,,,,,,,,0.00,0.00,0.00,0.00%
67001 Appreciation,,,,,,,,,,,,,,,,,,,,,,,,,204.65,,204.65,,,,,,,,,,,,,,,,,,,,,,,,,,204.65,,204.65,,,,,,,,,,,,,,,,,,,,,,,,,,204.65,0.00,204.65,0.00%
67005 Venue Rental,,,,,,,,,,,,,,,,,,,,,88390.00,114420.00,-26030.00,77.25 %,,4500.00,-4500.00,,,,,,,,,,,,,,,,,,,1000.00,-1000.00,,,,,,88390.00,119920.00,-31530.00,73.71 %,,,,,,,,,500.00,5000.00,-4500.00,10.00 %,500.00,5000.00,-4500.00,10.00 %,,,,,,,,,88890.00,124920.00,-36030.00,71.16 %
67010 Equipment Rental,,,,,,,,,,,,,,,,,,,,,1400.00,,1400.00,,1968.22,,1968.22,,,,,,,,,,,,,,,,,,1750.00,,1750.00,,,,,,5118.22,,5118.22,,,,,,,,,,1421.31,,1421.31,,1421.31,,1421.31,,,,,,,,,,6539.53,0.00,6539.53,0.00%
67015 Entertainment / Speakers,,,,,,,,,,,,,,,,,,,,,5100.00,7500.00,-2400.00,68.00 %,7849.74,7249.00,600.74,108.29 %,,,,,,,,,,,,,,,,,,,,,,,,,12949.74,14749.00,-1799.26,87.80 %,,,,,,,,,2087.71,800.00,1287.71,260.96 %,2087.71,800.00,1287.71,260.96 %,,,,,,,,,15037.45,15549.00,-511.55,96.71 %
67018 Event Security,,,,,,,,,,,,,,,,,,,,,2200.00,1000.00,1200.00,220.00 %,,,,,,,,,,,,,,,,,,,,,,,,,,,,,2200.00,1000.00,1200.00,220.00 %,,,,,,,,,,,,,,,,,,,,,,,,,2200.00,1000.00,1200.00,220.00 %
67025 Other Event / Fundraising Expenses,,,,,,,,,,,,,,,,,,,,,67.23,6500.00,-6432.77,1.03 %,24.86,450.00,-425.14,5.52 %,,,,,,,,,,,,,,,,,,400.00,-400.00,,,,,,92.09,7350.00,-7257.91,1.25 %,,,,,12160.00,,12160.00,,414.92,300.00,114.92,138.31 %,12574.92,300.00,12274.92,"4,191.64 %",,,,,,,,,12667.01,7650.00,5017.01,165.58 %
67026 Gift Wrapping Supplies,,,,,,,,,,,,,,,,,,,,,,,,,508.77,600.00,-91.23,84.80 %,,,,,,,,,,,,,,,,,,,,,,,,,508.77,600.00,-91.23,84.80 %,,,,,,,,,,,,,,,,,,,,,,,,,508.77,600.00,-91.23,84.80 %
67028 Event food,,,,,,,,,,,,,,,,,,,,,1005.12,0.00,1005.12,,2651.34,3550.00,-898.66,74.69 %,,,,,,,,,,,,,,,,,157.46,1500.00,-1342.54,10.50 %,,,,,3813.92,5050.00,-1236.08,75.52 %,,,,,127.11,,127.11,,4096.21,3330.00,766.21,123.01 %,4223.32,3330.00,893.32,126.83 %,,,,,,,,,8037.24,8380.00,-342.76,95.91 %
67031 event manager,,,,,,,,,,,,,,,,,,,,,,,,,6000.00,6000.00,0.00,100.00 %,,,,,,,,,,,,,,,,,,,,,,,,,6000.00,6000.00,0.00,100.00 %,,,,,,,,,3000.00,5000.00,-2000.00,60.00 %,3000.00,5000.00,-2000.00,60.00 %,,,,,,,,,9000.00,11000.00,-2000.00,81.82 %
67035 Event Supplies & Decorations,,,,,,,,,,,,,,,,,,,,,1454.01,6950.00,-5495.99,20.92 %,907.29,4450.00,-3542.71,20.39 %,,,,,,,,,,,,,,,,,202.04,,202.04,,,,,,2563.34,11400.00,-8836.66,22.49 %,,,,,,,,,1436.58,500.00,936.58,287.32 %,1436.58,500.00,936.58,287.32 %,,,,,,,,,3999.92,11900.00,-7900.08,33.61 %
67081 Event T-Shirts,,,,,,,,,,,,,,,,,,,,,2413.06,2500.00,-86.94,96.52 %,1911.98,2000.00,-88.02,95.60 %,,,,,,,,,,,,,,,,,,,,,,,,,4325.04,4500.00,-174.96,96.11 %,,,,,,,,,,,,,,,,,,,,,,,,,4325.04,4500.00,-174.96,96.11 %
Total 670 Event / Fundraising Expenses,0.00,0.00,0.00,0.00,0.00,0.00,0.00,0.00,0.00,0.00,0.00,0.00,0.00,0.00,0.00,0.00,0.00,0.00,0.00,0.00,102029.42,138870.00,-36840.58,73.47 %,22026.85,28799.00,-6772.15,76.48 %,0.00,0.00,0.00,0.00,0.00,0.00,0.00,0.00,0.00,0.00,0.00,0.00,0.00,0.00,0.00,0.00,2109.50,2900.00,-790.50,72.74 %,0.00,0.00,0.00,0.00,126165.77,170569.00,-44403.23,73.97 %,0.00,0.00,0.00,0.00,12287.11,0.00,12287.11,0.00,12956.73,14930.00,-1973.27,86.78 %,25243.84,14930.00,10313.84,169.08 %,0.00,0.00,0.00,0.00,0.00,0.00,0.00,0.00,151409.61,185499.00,-34089.39,81.62 %
6710 Event / Fundraising - In Kind,,,,,,,,,,,,,,,,,,,,,,,,,,,,,,,,,,,,,,,,,,,,,,,,,,,,,,,,,,,,,,,,,,,,,,,,,,,,,,,,,0.00,0.00,0.00,0.00%
67101 Event Food - In Kind,,,,,,,,,,,,,,,,,,,,,160.65,,160.65,,1368.26,,1368.26,,,,,,,,,,,,,,,,,,8766.25,,8766.25,,,,,,10295.16,,10295.16,,,,,,,,,,2339.96,,2339.96,,2339.96,,2339.96,,,,,,,,,,12635.12,0.00,12635.12,0.00%
67102 Gift Wrapping Supplies - In Kind,,,,,,,,,,,,,,,,,,,,,,,,,132.00,,132.00,,,,,,,,,,,,,,,,,,,,,,,,,,132.00,,132.00,,,,,,,,,,,,,,,,,,,,,,,,,,132.00,0.00,132.00,0.00%
67105 Event Supplies and Decorations - In Kind,,,,,,,,,,,,,,,,,,,,,2400.00,,2400.00,,175.00,,175.00,,,,,,,,,,,,,,,,,,64.00,,64.00,,,,,,2639.00,,2639.00,,,,,,,,,,297.78,,297.78,,297.78,,297.78,,,,,,,,,,2936.78,0.00,2936.78,0.00%
67106 Venue Rental - In Kind,,,,,,,,,,,,,,,,,,,,,,,,,500.00,,500.00,,,,,,,,,,,,,,,,,,500.00,,500.00,,,,,,1000.00,,1000.00,,,,,,,,,,,,,,,,,,,,,,,,,,1000.00,0.00,1000.00,0.00%
Total 6710 Event / Fundraising - In Kind,0.00,0.00,0.00,0.00,0.00,0.00,0.00,0.00,0.00,0.00,0.00,0.00,0.00,0.00,0.00,0.00,0.00,0.00,0.00,0.00,2560.65,0.00,2560.65,0.00,2175.26,0.00,2175.26,0.00,0.00,0.00,0.00,0.00,0.00,0.00,0.00,0.00,0.00,0.00,0.00,0.00,0.00,0.00,0.00,0.00,9330.25,0.00,9330.25,0.00,0.00,0.00,0.00,0.00,14066.16,0.00,14066.16,0.00,0.00,0.00,0.00,0.00,0.00,0.00,0.00,0.00,2637.74,0.00,2637.74,0.00,2637.74,0.00,2637.74,0.00,0.00,0.00,0.00,0.00,0.00,0.00,0.00,0.00,16703.90,0.00,16703.90,0.00%
680 Program Expenses,,,,,,,,,,,,,,,,,,,,,,,,,,,,,,,,,,,,,,,,,,,,,,,,,,,,,,,,,,,,,,,,,,,,,,,,,,,,,,,,,0.00,0.00,0.00,0.00%
68000 Beds,,,,,,,,,,,,,20888.81,20000.00,888.81,104.44 %,,,,,,,,,,,,,,,,,,,,,,,,,,,,,,,,,,,,,20888.81,20000.00,888.81,104.44 %,,,,,,,,,,,,,,,,,,,,,,,,,20888.81,20000.00,888.81,104.44 %
68020 Boxes & Bag Supplies,,,,,,,,,911.95,600.00,311.95,151.99 %,,,,,18.75,,18.75,,,,,,275.67,,275.67,,,,,,,,,,,,,,,,,,,,,,,,,,1206.37,600.00,606.37,201.06 %,,,,,,,,,,,,,,,,,,,,,,,,,1206.37,600.00,606.37,201.06 %
68025 Closet Inventory,,,,,,,,,51335.81,316400.00,-265064.19,16.22 %,,,,,977.15,16800.00,-15822.85,5.82 %,,,,,,,,,391.05,,391.05,,,,,,,,,,,,,,,,,,,,,,52704.01,333200.00,-280495.99,15.82 %,,,,,,,,,,,,,,,,,,,,,,,,,52704.01,333200.00,-280495.99,15.82 %
680251 Bibles,,,,,,,,,465.36,,465.36,,,,,,,,,,,,,,,,,,,,,,,,,,,,,,,,,,,,,,,,,,465.36,,465.36,,,,,,,,,,,,,,,,,,,,,,,,,,465.36,0.00,465.36,0.00%
6802510 Shoes,,,,,,,,,104.76,,104.76,,,,,,,,,,,,,,,,,,,,,,,,,,,,,,,,,,,,,,,,,,104.76,,104.76,,,,,,,,,,,,,,,,,,,,,,,,,,104.76,0.00,104.76,0.00%
6802511 Blankets,,,,,,,,,121.20,,121.20,,,,,,,,,,,,,,,,,,,,,,,,,,,,,,,,,,,,,,,,,,121.20,,121.20,,,,,,,,,,,,,,,,,,,,,,,,,,121.20,0.00,121.20,0.00%
6802512 School Age Boy Clothes,,,,,,,,,186.61,,186.61,,,,,,,,,,,,,,,,,,,,,,,,,,,,,,,,,,,,,,,,,,186.61,,186.61,,,,,,,,,,,,,,,,,,,,,,,,,,186.61,0.00,186.61,0.00%
6802513 School Age Girl Clothes,,,,,,,,,76.96,,76.96,,,,,,,,,,,,,,,,,,,,,,,,,,,,,,,,,,,,,,,,,,76.96,,76.96,,,,,,,,,,,,,,,,,,,,,,,,,,76.96,0.00,76.96,0.00%
6802516 Toddler Boy Clothes,,,,,,,,,195.72,,195.72,,,,,,,,,,,,,,,,,,,,,,,,,,,,,,,,,,,,,,,,,,195.72,,195.72,,,,,,,,,,,,,,,,,,,,,,,,,,195.72,0.00,195.72,0.00%
6802519 Baby Boy Clothes,,,,,,,,,168.87,,168.87,,,,,,,,,,,,,,,,,,,,,,,,,,,,,,,,,,,,,,,,,,168.87,,168.87,,,,,,,,,,,,,,,,,,,,,,,,,,168.87,0.00,168.87,0.00%
680252 Toys,,,,,,,,,192.31,,192.31,,,,,,,,,,,,,,,,,,,,,,,,,,,,,,,,,,,,,,,,,,192.31,,192.31,,,,,,,,,,,,,,,,,,,,,,,,,,192.31,0.00,192.31,0.00%
6802520 Baby Girl Clothes,,,,,,,,,60.97,,60.97,,,,,,,,,,,,,,,,,,,,,,,,,,,,,,,,,,,,,,,,,,60.97,,60.97,,,,,,,,,,,,,,,,,,,,,,,,,,60.97,0.00,60.97,0.00%
680253 Toiletries,,,,,,,,,140.44,,140.44,,,,,,,,,,,,,,,,,,,,,,,,,,,,,,,,,,,,,,,,,,140.44,,140.44,,,,,,,,,,,,,,,,,,,,,,,,,,140.44,0.00,140.44,0.00%
6802530 Books,,,,,,,,,,,,,,,,,26.07,,26.07,,,,,,,,,,,,,,,,,,,,,,,,,,,,,,,,,,26.07,,26.07,,,,,,,,,,,,,,,,,,,,,,,,,,26.07,0.00,26.07,0.00%
680254 Teen Boy Clothes,,,,,,,,,679.17,,679.17,,,,,,,,,,,,,,,,,,,,,,,,,,,,,,,,,,,,,,,,,,679.17,,679.17,,,,,,,,,,,,,,,,,,,,,,,,,,679.17,0.00,679.17,0.00%
680255 Teen Boy PJs,,,,,,,,,105.98,,105.98,,,,,,,,,,,,,,,,,,,,,,,,,,,,,,,,,,,,,,,,,,105.98,,105.98,,,,,,,,,,,,,,,,,,,,,,,,,,105.98,0.00,105.98,0.00%
680256 Teen Socks and Underwear,,,,,,,,,87.71,,87.71,,,,,,,,,,,,,,,,,,,,,,,,,,,,,,,,,,,,,,,,,,87.71,,87.71,,,,,,,,,,,,,,,,,,,,,,,,,,87.71,0.00,87.71,0.00%
680257 Teen Girl Clothes,,,,,,,,,321.00,,321.00,,,,,,,,,,,,,,,,,,,,,,,,,,,,,,,,,,,,,,,,,,321.00,,321.00,,,,,,,,,,,,,,,,,,,,,,,,,,321.00,0.00,321.00,0.00%
680258 Teen Girl PJs,,,,,,,,,78.39,,78.39,,,,,,,,,,,,,,,,,,,,,,,,,,,,,,,,,,,,,,,,,,78.39,,78.39,,,,,,,,,,,,,,,,,,,,,,,,,,78.39,0.00,78.39,0.00%
6802591 School Age Boy PJs,,,,,,,,,54.41,,54.41,,,,,,,,,,,,,,,,,,,,,,,,,,,,,,,,,,,,,,,,,,54.41,,54.41,,,,,,,,,,,,,,,,,,,,,,,,,,54.41,0.00,54.41,0.00%
Total 68025 Closet Inventory,0.00,0.00,0.00,0.00,0.00,0.00,0.00,0.00,54375.67,316400.00,-262024.33,17.19 %,0.00,0.00,0.00,0.00,1003.22,16800.00,-15796.78,5.97 %,0.00,0.00,0.00,0.00,0.00,0.00,0.00,0.00,391.05,0.00,391.05,0.00,0.00,0.00,0.00,0.00,0.00,0.00,0.00,0.00,0.00,0.00,0.00,0.00,0.00,0.00,0.00,0.00,0.00,0.00,0.00,0.00,55769.94,333200.00,-277430.06,16.74 %,0.00,0.00,0.00,0.00,0.00,0.00,0.00,0.00,0.00,0.00,0.00,0.00,0.00,0.00,0.00,0.00,0.00,0.00,0.00,0.00,0.00,0.00,0.00,0.00,55769.94,333200.00,-277430.06,16.74 %
68035 Tutoring,,,,,,,,,,,,,,,,,,,,,,,,,,,,,,,,,,,,,,,,,,,,,,,,,15736.80,20000.00,-4263.20,78.68 %,15736.80,20000.00,-4263.20,78.68 %,,,,,,,,,,,,,,,,,,,,,,,,,15736.80,20000.00,-4263.20,78.68 %
68040 Other Program Expenses,,,,,,,,,695.00,10000.00,-9305.00,6.95 %,,,,,,,,,,,,,42.86,,42.86,,597.76,8500.00,-7902.24,7.03 %,,,,,,,,,11.99,,11.99,,7.99,,7.99,,,,,,1355.60,18500.00,-17144.40,7.33 %,,,,,,,,,,,,,,,,,,,,,,,,,1355.60,18500.00,-17144.40,7.33 %
68045 Shoes,,,,,,,,,,,,,,,,,,,,,,,,,,,,,,,,,,,,,,,,,,,,,3951.34,31250.00,-27298.66,12.64 %,,,,,3951.34,31250.00,-27298.66,12.64 %,,,,,,,,,,,,,,,,,,,,,,,,,3951.34,31250.00,-27298.66,12.64 %
68050 Extracurricular Expense,,,,,,,,,,,,,,,,,,,,,,,,,,,,,,,,,,,,,22628.84,21250.00,1378.84,106.49 %,,,,,,,,,,,,,22628.84,21250.00,1378.84,106.49 %,,,,,,,,,,,,,,,,,,,,,,,,,22628.84,21250.00,1378.84,106.49 %
68052 Life Box Gifts,,,,,,,,,,,,,,,,,,,,,,,,,,,,,,,,,,,,,,,,,11552.22,17500.00,-5947.78,66.01 %,,,,,,,,,11552.22,17500.00,-5947.78,66.01 %,,,,,,,,,,,,,,,,,,,,,,,,,11552.22,17500.00,-5947.78,66.01 %
68070 Elf Shopping,,,,,,,,,,,,,,,,,,,,,,,,,9051.83,25000.00,-15948.17,36.21 %,,,,,,,,,,,,,,,,,,,,,,,,,9051.83,25000.00,-15948.17,36.21 %,,,,,,,,,,,,,,,,,,,,,,,,,9051.83,25000.00,-15948.17,36.21 %
68080 Backpacks,,,,,,,,,,,,,,,,,,,,,,,,,,,,,,,,,,,,,,,,,,,,,3057.45,12500.00,-9442.55,24.46 %,,,,,3057.45,12500.00,-9442.55,24.46 %,,,,,,,,,,,,,,,,,,,,,,,,,3057.45,12500.00,-9442.55,24.46 %
68085 bags,,,,,,,,,24075.00,33000.00,-8925.00,72.95 %,,,,,,,,,,,,,1168.83,,1168.83,,,,,,,,,,,,,,,,,,,,,,,,,,25243.83,33000.00,-7756.17,76.50 %,,,,,,,,,,,,,,,,,,,,,,,,,25243.83,33000.00,-7756.17,76.50 %
68090 Socks / Underwear,,,,,,,,,,,,,,,,,,,,,,,,,,,,,,,,,,,,,,,,,,,,,7527.34,12500.00,-4972.66,60.22 %,,,,,7527.34,12500.00,-4972.66,60.22 %,,,,,,,,,,,,,,,,,,,,,,,,,7527.34,12500.00,-4972.66,60.22 %
68095 Bridge Camp Fee,,,,,,,,,,,,,,,,,,,,,,0.00,0.00,,,,,,,,,,,,,,,,,,,,,,,,,,,,,,,0.00,0.00,,,,,,,,,,,,,,,,,,,,,,,,,,0.00,0.00,0.00,0.00%
Total 680 Program Expenses,0.00,0.00,0.00,0.00,0.00,0.00,0.00,0.00,80057.62,360000.00,-279942.38,22.24 %,20888.81,20000.00,888.81,104.44 %,1021.97,16800.00,-15778.03,6.08 %,0.00,0.00,0.00,0.00,10539.19,25000.00,-14460.81,42.16 %,988.81,8500.00,-7511.19,11.63 %,0.00,0.00,0.00,0.00,22628.84,21250.00,1378.84,106.49 %,11564.21,17500.00,-5935.79,66.08 %,14544.12,56250.00,-41705.88,25.86 %,15736.80,20000.00,-4263.20,78.68 %,177970.37,545300.00,-367329.63,32.64 %,0.00,0.00,0.00,0.00,0.00,0.00,0.00,0.00,0.00,0.00,0.00,0.00,0.00,0.00,0.00,0.00,0.00,0.00,0.00,0.00,0.00,0.00,0.00,0.00,177970.37,545300.00,-367329.63,32.64 %
68100 Program Expenses - In Kind,,,,,,,,,,,,,,,,,,,,,,,,,,,,,,,,,,,,,,,,,,,,,,,,,,,,,,,,,,,,,,,,,,,,,,,,,,,,,,,,,0.00,0.00,0.00,0.00%
68110 Backpacks - In Kind,,,,,,,,,,,,,,,,,,,,,,,,,,,,,,,,,,,,,,,,,,,,,1428.00,,1428.00,,,,,,1428.00,,1428.00,,,,,,,,,,,,,,,,,,,,,,,,,,1428.00,0.00,1428.00,0.00%
68111 Elf Shopping - In Kind,,,,,,,,,,,,,,,,,,,,,,,,,3100.00,,3100.00,,,,,,,,,,,,,,,,,,,,,,,,,,3100.00,,3100.00,,,,,,,,,,,,,,,,,,,,,,,,,,3100.00,0.00,3100.00,0.00%
68120 Closet Inventory - In Kind,,,,,,,,,93647.21,,93647.21,,,,,,,,,,,,,,,,,,,,,,,,,,,,,,,,,,70.00,,70.00,,,,,,93717.21,,93717.21,,,,,,,,,,,,,,,,,,,,,,,,,,93717.21,0.00,93717.21,0.00%
68130 Socks / Underwear - In Kind,,,,,,,,,,,,,,,,,,,,,,,,,,,,,,,,,,,,,,,,,,,,,1697.00,,1697.00,,,,,,1697.00,,1697.00,,,,,,,,,,,,,,,,,,,,,,,,,,1697.00,0.00,1697.00,0.00%
68140 Shoes - In Kind,,,,,,,,,,,,,,,,,,,,,,,,,,,,,,,,,,,,,,,,,,,,,15350.00,,15350.00,,,,,,15350.00,,15350.00,,,,,,,,,,,,,,,,,,,,,,,,,,15350.00,0.00,15350.00,0.00%
68160 Bed and Bedding - In Kind,,,,,,,,,,,,,2800.00,,2800.00,,,,,,,,,,,,,,,,,,,,,,,,,,,,,,,,,,,,,,2800.00,,2800.00,,,,,,,,,,,,,,,,,,,,,,,,,,2800.00,0.00,2800.00,0.00%
Total 68100 Program Expenses - In Kind,0.00,0.00,0.00,0.00,0.00,0.00,0.00,0.00,93647.21,0.00,93647.21,0.00,2800.00,0.00,2800.00,0.00,0.00,0.00,0.00,0.00,0.00,0.00,0.00,0.00,3100.00,0.00,3100.00,0.00,0.00,0.00,0.00,0.00,0.00,0.00,0.00,0.00,0.00,0.00,0.00,0.00,0.00,0.00,0.00,0.00,18545.00,0.00,18545.00,0.00,0.00,0.00,0.00,0.00,118092.21,0.00,118092.21,0.00,0.00,0.00,0.00,0.00,0.00,0.00,0.00,0.00,0.00,0.00,0.00,0.00,0.00,0.00,0.00,0.00,0.00,0.00,0.00,0.00,0.00,0.00,0.00,0.00,118092.21,0.00,118092.21,0.00%
695 Support Services,,,,,,,,,,,,,,,,,,,,,,,,,,,,,,,,,,,,,,,,,,,,,,,,,,,,,,,,,,,,,,,,,,,,,,,,,,,,,,,,,0.00,0.00,0.00,0.00%
69500 Foster Care Symposium,,,,,,,,,,,,,,,,,,,,,,,,,,,,,,,,,,,,,,,,,,,,,,,,,,,,,,,,,,,,,,,,,,,,,,,,,,,,,2351.49,3500.00,-1148.51,67.19 %,2351.49,3500.00,-1148.51,67.19 %
695002 GAL Appreciation,,,,,,,,,,,,,,,,,,,,,,,,,,,,,,,,,,,,,,,,,,,,,,,,,,,,,,,,,,,,,,,,,,,,,,,,,,,,,2261.70,4000.00,-1738.30,56.54 %,2261.70,4000.00,-1738.30,56.54 %
69501 Foster Parent Appreciation,,,,,,,,,,,,,,,,,,,,,,,,,,,,,,,,,,,,,,,,,,,,,,,,,,,,,,,,,,,,,,,,,,,,,,,,,,,,,1969.97,4000.00,-2030.03,49.25 %,1969.97,4000.00,-2030.03,49.25 %
69541 Social Worker Appreciation,,,,,,,,,,,,,,,,,,,,,,,,,,,,,,,,,,,,,,,,,,,,,,,,,,,,,,,,,,,,,,,,,,,,,,,,,,,,,4298.04,10000.00,-5701.96,42.98 %,4298.04,10000.00,-5701.96,42.98 %
69543 social light,,,,,,,,,,,,,,,,,,,,,,,,,,,,,,,,,,,,,,,,,,,,,,,,,,,,,,,,,,,,,,,,,,,,,,,,,,,,,9.57,,9.57,,9.57,0.00,9.57,0.00%
69555 Volunteer Appreciation,,,,,,,,,,,,,,,,,,,,,,,,,25.50,,25.50,,,,,,,,,,,,,,,,,,,,,,,,,,25.50,,25.50,,,,,,,,,,,,,,,,,,,,,,1363.53,3000.00,-1636.47,45.45 %,1389.03,3000.00,-1610.97,46.30 %
Total 695 Support Services,0.00,0.00,0.00,0.00,0.00,0.00,0.00,0.00,0.00,0.00,0.00,0.00,0.00,0.00,0.00,0.00,0.00,0.00,0.00,0.00,0.00,0.00,0.00,0.00,25.50,0.00,25.50,0.00,0.00,0.00,0.00,0.00,0.00,0.00,0.00,0.00,0.00,0.00,0.00,0.00,0.00,0.00,0.00,0.00,0.00,0.00,0.00,0.00,0.00,0.00,0.00,0.00,25.50,0.00,25.50,0.00,0.00,0.00,0.00,0.00,0.00,0.00,0.00,0.00,0.00,0.00,0.00,0.00,0.00,0.00,0.00,0.00,0.00,0.00,0.00,0.00,12254.30,24500.00,-12245.70,50.02 %,12279.80,24500.00,-12220.20,50.12 %
700 Building Headquarters,,,,,,,,,,,,,,,,,,,,,,,,,,,,,,,,,,,,,,,,,,,,,,,,,,,,,,,,,,,,,,,,,,,,,,,,,,,,,,,,,0.00,0.00,0.00,0.00%
70005 Building Headquarters - In Kind,,,,,,,,,,,,,,,,,,,,,,,,,,,,,,,,,,,,,,,,,,,,,,,,,,,,,,,,,,,,,,,,,,,,,,,,,28519.35,,28519.35,,,,,,28519.35,0.00,28519.35,0.00%
70011 Pre Contruction - Surveys,,,,,,,,,,,,,,,,,,,,,,,,,,,,,,,,,,,,,,,,,,,,,,,,,,,,,,,,,,,,,,,,,,,,,,,,,,5000.00,-5000.00,,,,,,0.00,5000.00,-5000.00,0.00%
70015 Pre Construction - Design and Architect,,,,,,,,,,,,,,,,,,,,,,,,,,,,,,,,,,,,,,,,,,,,,,,,,,,,,,,,,,,,,,,,,,,,,,,,,52354.29,28000.00,24354.29,186.98 %,,,,,52354.29,28000.00,24354.29,186.98 %
70016 Pre Construction - Closing Costs,,,,,,,,,,,,,,,,,,,,,,,,,,,,,,,,,,,,,,,,,,,,,,,,,,,,,,,,,,,,,,,,,,,,,,,,,8452.77,10000.00,-1547.23,84.53 %,,,,,8452.77,10000.00,-1547.23,84.53 %
70017 Construction Cost - Non Bower Traust,,,,,,,,,,,,,,,,,,,,,,,,,,,,,,,,,,,,,,,,,,,,,,,,,,,,,,,,,,,,,,,,,,,,,,,,,360344.74,,360344.74,,,,,,360344.74,0.00,360344.74,0.00%
70101 Construction Costs,,,,,,,,,,,,,,,,,,,,,,,,,,,,,,,,,,,,,,,,,,,,,,,,,,,,,,,,,,,,,,,,,,,,,,,,,999693.11,994708.00,4985.11,100.50 %,,,,,999693.11,994708.00,4985.11,100.50 %
70300 Post Construction - Furniture,,,,,,,,,,,,,,,,,,,,,,,,,,,,,,,,,,,,,,,,,,,,,,,,,,,,,,,,,,,,,,,,,,,,,,,,,1800.00,50000.00,-48200.00,3.60 %,,,,,1800.00,50000.00,-48200.00,3.60 %
70310 Post Construction - Movers,,,,,,,,,,,,,,,,,,,,,,,,,,,,,,,,,,,,,,,,,,,,,,,,,,,,,,,,,,,,,,,,,,,,,,,,,3689.85,20000.00,-16310.15,18.45 %,,,,,3689.85,20000.00,-16310.15,18.45 %
70320 Post Construction - Fork Lift,,,,,,,,,,,,,,,,,,,,,,,,,,,,,,,,,,,,,,,,,,,,,,,,,,,,,,,,,,,,,,,,,,,,,,,,,,15000.00,-15000.00,,,,,,0.00,15000.00,-15000.00,0.00%
70330 Post Construction - Cargo Van,,,,,,,,,,,,,,,,,,,,,,,,,,,,,,,,,,,,,,,,,,,,,,,,,,,,,,,,,,,,,,,,,,,,,,,,,,30000.00,-30000.00,,,,,,0.00,30000.00,-30000.00,0.00%
70336 Construction - Demolition,,,,,,,,,,,,,,,,,,,,,,,,,,,,,,,,,,,,,,,,,,,,,,,,,,,,,,,,,,,,,,,,,,,,,,,,,5400.30,,5400.30,,,,,,5400.30,0.00,5400.30,0.00%
"70400 General - Dumpster, Toilets, Contingency",,,,,,,,,,,,,,,,,,,,,,,,,,,,,,,,,,,,,,,,,,,,,,,,,,,,,,,,,,,,,,,,,,,,,,,,,4712.85,97000.00,-92287.15,4.86 %,,,,,4712.85,97000.00,-92287.15,4.86 %
70410 General - GC Fee,,,,,,,,,,,,,,,,,,,,,,,,,,,,,,,,,,,,,,,,,,,,,,,,,,,,,,,,,,,,,,,,,,,,,,,,,,100000.00,-100000.00,,,,,,0.00,100000.00,-100000.00,0.00%
70425 General - Permit Fees,,,,,,,,,,,,,,,,,,,,,,,,,,,,,,,,,,,,,,,,,,,,,,,,,,,,,,,,,,,,,,,,,,,,,,,,,,6000.00,-6000.00,,,,,,0.00,6000.00,-6000.00,0.00%
7900 Building Improvement (Capitalize),,,,,,,,,,,,,,,,,,,,,,,,,,,,,,,,,,,,,,,,,,,,,,,,,,,,,,,,,,,,,,,,,,,,,,,,,-849478.89,,-849478.89,,,,,,-849478.89,0.00,-849478.89,0.00%
Total 700 Building Headquarters,0.00,0.00,0.00,0.00,0.00,0.00,0.00,0.00,0.00,0.00,0.00,0.00,0.00,0.00,0.00,0.00,0.00,0.00,0.00,0.00,0.00,0.00,0.00,0.00,0.00,0.00,0.00,0.00,0.00,0.00,0.00,0.00,0.00,0.00,0.00,0.00,0.00,0.00,0.00,0.00,0.00,0.00,0.00,0.00,0.00,0.00,0.00,0.00,0.00,0.00,0.00,0.00,0.00,0.00,0.00,0.00,0.00,0.00,0.00,0.00,0.00,0.00,0.00,0.00,0.00,0.00,0.00,0.00,0.00,0.00,0.00,0.00,615488.37,1355708.00,-740219.63,45.40 %,0.00,0.00,0.00,0.00,615488.37,1355708.00,-740219.63,45.40 %
770 Allocations,,,,,,,,,,,,,,,,,,,,,,,,,,,,,,,,,,,,,,,,,,,,,,,,,,,,,,,,,,,,,,,,,,,,,,,,,,,,,,,,,0.00,0.00,0.00,0.00%
77001 Personnel Allocation,,-308589.60,308589.60,,,,,,,70479.00,-70479.00,,,7034.80,-7034.80,,,8658.60,-8658.60,,,40539.20,-40539.20,,,47424.00,-47424.00,,,7034.80,-7034.80,,,,,,,7918.80,-7918.80,,,7034.80,-7034.80,,,46066.80,-46066.80,,,6306.80,-6306.80,,,248497.60,-248497.60,,,,,,,,,,,,,,,,,,,,,,,60092.00,-60092.00,,0.00,0.00,0.00,0.00%
77002 SG&A Allocations,-507751.12,-265254.03,-242497.09,191.42 %,,,,,124132.36,59668.00,64464.36,208.04 %,12206.34,5955.71,6250.63,204.95 %,15208.81,7330.43,7878.38,207.48 %,57365.62,35520.76,21844.86,161.50 %,79219.62,42149.48,37070.14,187.95 %,12206.34,5955.71,6250.63,204.95 %,,,,,12223.91,6704.11,5519.80,182.33 %,12206.34,5955.71,6250.63,204.95 %,76599.55,39800.46,36799.09,192.46 %,9892.85,5339.38,4553.47,185.28 %,411261.74,214379.75,196881.99,191.84 %,,,,,,,,,,,,,,,,,,,,,96489.38,50874.29,45615.09,189.66 %,0.00,0.01,-0.01,0.00 %
Total 770 Allocations,-507751.12,-573843.63,66092.51,88.48 %,0.00,0.00,0.00,0.00,124132.36,130147.00,-6014.64,95.38 %,12206.34,12990.51,-784.17,93.96 %,15208.81,15989.03,-780.22,95.12 %,57365.62,76059.96,-18694.34,75.42 %,79219.62,89573.48,-10353.86,88.44 %,12206.34,12990.51,-784.17,93.96 %,0.00,0.00,0.00,0.00,12223.91,14622.91,-2399.00,83.59 %,12206.34,12990.51,-784.17,93.96 %,76599.55,85867.26,-9267.71,89.21 %,9892.85,11646.18,-1753.33,84.95 %,411261.74,462877.35,-51615.61,88.85 %,0.00,0.00,0.00,0.00,0.00,0.00,0.00,0.00,0.00,0.00,0.00,0.00,0.00,0.00,0.00,0.00,0.00,0.00,0.00,0.00,96489.38,110966.29,-14476.91,86.95 %,0.00,0.01,-0.01,0.00 %
8000 Fundraising and Community Development,1847.09,,1847.09,,,,,,,,,,,,,,,,,,,,,,,,,,,,,,,,,,,,,,,,,,,,,,,,,,,,,,,,,,,,,,,,,,,,,,,,,,,,,,1847.09,0.00,1847.09,0.00%
62030 Charitable Contributions,,3000.00,-3000.00,,,,,,,,,,,,,,,,,,,,,,,,,,,,,,,,,,,,,,,,,,,,,,,,,,,,,,,,,,,,,,,,,,,,,,,,,,,,,,0.00,3000.00,-3000.00,0.00%
69521 Grief Support,,,,,,,,,,,,,,,,,,,,,,,,,,,,,,,,,,,,,,,,,,,,,,,,,,,,,,,,,,,,,,,,,,,,,,,,,,,,,,500.00,-500.00,,0.00,500.00,-500.00,0.00%
69530 Community Development,1452.17,,1452.17,,,,,,,,,,,,,,,,,,,,,,,,,,,,,,,,,,,,,,,,,,,,,,,,,,,,,,,,,,,,,,,,,,,,,,,,,,,2000.00,-2000.00,,1452.17,2000.00,-547.83,72.61 %
80005 Lunch/Coffee Meetings,,6000.00,-6000.00,,,,,,,,,,,,,,,,,,,,,,,,,,,,,,,,,,,,,,,,,,,,,,,,,,,,,,,,,,,,,,,,,,,,,,,,,,,,,,0.00,6000.00,-6000.00,0.00%
80010 Relationship Stewardship,36.43,1200.00,-1163.57,3.04 %,,,,,,,,,,,,,,,,,,,,,,,,,,,,,,,,,,,,,,,,,,,,,,,,,,,,,,,,,,,,,,,,,,,,,,,,,,,,,36.43,1200.00,-1163.57,3.04 %
80015 Expansion Related Costs,1000.42,18000.00,-16999.58,5.56 %,,,,,,,,,,,,,,,,,,,,,,,,,,,,,,,,,,,,,,,,,,,,,,,,,,,,,,,,,,,,,,,,,,,,,,,,,,,,,1000.42,18000.00,-16999.58,5.56 %
80020 Scholarship Expense,500.00,,500.00,,,,,,,,,,,,,,,,,,,,,,,,,,,,,,,,,,,,,,,,,,,,,,,,,,,,,,,,,,,,,,,,,,,,,,,,,,,,,,500.00,0.00,500.00,0.00%
Total 8000 Fundraising and Community Development,4836.11,28200.00,-23363.89,17.15 %,0.00,0.00,0.00,0.00,0.00,0.00,0.00,0.00,0.00,0.00,0.00,0.00,0.00,0.00,0.00,0.00,0.00,0.00,0.00,0.00,0.00,0.00,0.00,0.00,0.00,0.00,0.00,0.00,0.00,0.00,0.00,0.00,0.00,0.00,0.00,0.00,0.00,0.00,0.00,0.00,0.00,0.00,0.00,0.00,0.00,0.00,0.00,0.00,0.00,0.00,0.00,0.00,0.00,0.00,0.00,0.00,0.00,0.00,0.00,0.00,0.00,0.00,0.00,0.00,0.00,0.00,0.00,0.00,0.00,0.00,0.00,0.00,0.00,2500.00,-2500.00,0.00,4836.11,30700.00,-25863.89,15.75 %
Total Expenditures,191015.56,252681.91,-61666.35,75.60 %,0.00,0.00,0.00,0.00%,297983.95,490147.00,-192163.05,60.79 %,35895.15,32990.51,2904.64,108.80 %,16230.78,32789.03,-16558.25,49.50 %,167571.12,214929.96,-47358.84,77.97 %,119669.10,143372.48,-23703.38,83.47 %,13195.15,21490.51,-8295.36,61.40 %,599.47,0.00,599.47,0.00%,34852.75,35872.91,-1020.16,97.16 %,23819.19,30490.51,-6671.32,78.12 %,121128.42,145017.26,-23888.84,83.53 %,25629.65,31646.18,-6016.53,80.99 %,856574.73,1178746.35,-322171.62,72.67 %,0.00,0.00,0.00,0.00%,12287.11,0.00,12287.11,0.00%,15934.37,14930.00,1004.37,106.73 %,28221.48,14930.00,13291.48,189.03 %,615373.37,1403600.00,-788226.63,43.84 %,108835.47,137966.29,-29130.82,78.89 %,1800020.61,2987924.55,-1187903.94,60.24 %
Net Operating Revenue,148319.17,-75000.00,223319.17,-197.76 %,0.00,0.00,0.00,0.00%,0.00,0.00,0.00,0.00%,0.00,0.00,0.00,0.00%,0.00,0.00,0.00,0.00%,0.00,0.00,0.00,0.00%,0.00,0.00,0.00,0.00%,0.00,0.00,0.00,0.00%,0.00,0.00,0.00,0.00%,0.00,0.00,0.00,0.00%,0.00,0.00,0.00,0.00%,0.00,0.00,0.00,0.00%,0.00,0.00,0.00,0.00%,0.00,0.00,0.00,0.00%,0.00,0.00,0.00,0.00%,29869.13,0.00,29869.13,0.00%,51208.37,75000.00,-23791.63,68.28 %,81077.50,75000.00,6077.50,108.10 %,0.00,0.00,0.00,0.00%,0.00,0.00,0.00,0.00%,229396.67,0.00,229396.67,0.00%
Other Expenditures,,,,,,,,,,,,,,,,,,,,,,,,,,,,,,,,,,,,,,,,,,,,,,,,,,,,,,,,,,,,,,,,,,,,,,,,,,,,,,,,,,,,
99150 Hurricane Helene Relief,,0.00,0.00,,,,,,,,,,,,,,,,,,,,,,,,,,,,,,,,,,,,,,,,,,,,,,,,,,,,,,,,,,,,,,,,,,,,,,,,,,,,,,0.00,0.00,0.00,0.00%
Total Other Expenditures,0.00,0.00,0.00,0.00%,0.00,0.00,0.00,0.00%,0.00,0.00,0.00,0.00%,0.00,0.00,0.00,0.00%,0.00,0.00,0.00,0.00%,0.00,0.00,0.00,0.00%,0.00,0.00,0.00,0.00%,0.00,0.00,0.00,0.00%,0.00,0.00,0.00,0.00%,0.00,0.00,0.00,0.00%,0.00,0.00,0.00,0.00%,0.00,0.00,0.00,0.00%,0.00,0.00,0.00,0.00%,0.00,0.00,0.00,0.00%,0.00,0.00,0.00,0.00%,0.00,0.00,0.00,0.00%,0.00,0.00,0.00,0.00%,0.00,0.00,0.00,0.00%,0.00,0.00,0.00,0.00%,0.00,0.00,0.00,0.00%,0.00,0.00,0.00,0.00%
Net Other Revenue,0.00,0.00,0.00,0.00%,0.00,0.00,0.00,0.00%,0.00,0.00,0.00,0.00%,0.00,0.00,0.00,0.00%,0.00,0.00,0.00,0.00%,0.00,0.00,0.00,0.00%,0.00,0.00,0.00,0.00%,0.00,0.00,0.00,0.00%,0.00,0.00,0.00,0.00%,0.00,0.00,0.00,0.00%,0.00,0.00,0.00,0.00%,0.00,0.00,0.00,0.00%,0.00,0.00,0.00,0.00%,0.00,0.00,0.00,0.00%,0.00,0.00,0.00,0.00%,0.00,0.00,0.00,0.00%,0.00,0.00,0.00,0.00%,0.00,0.00,0.00,0.00%,0.00,0.00,0.00,0.00%,0.00,0.00,0.00,0.00%,0.00,0.00,0.00,0.00%
Net Revenue,148319.17,-75000.00,223319.17,-197.76 %,0.00,0.00,0.00,0.00%,0.00,0.00,0.00,0.00%,0.00,0.00,0.00,0.00%,0.00,0.00,0.00,0.00%,0.00,0.00,0.00,0.00%,0.00,0.00,0.00,0.00%,0.00,0.00,0.00,0.00%,0.00,0.00,0.00,0.00%,0.00,0.00,0.00,0.00%,0.00,0.00,0.00,0.00%,0.00,0.00,0.00,0.00%,0.00,0.00,0.00,0.00%,0.00,0.00,0.00,0.00%,0.00,0.00,0.00,0.00%,29869.13,0.00,29869.13,0.00%,51208.37,75000.00,-23791.63,68.28 %,81077.50,75000.00,6077.50,108.10 %,0.00,0.00,0.00,0.00%,0.00,0.00,0.00,0.00%,229396.67,0.00,229396.67,0.00%